<?xml version="1.0" encoding="UTF-8"?>
<QueryInvoiceChainDigestRequest xmlns:common="http://schemas.nav.gov.hu/NTCA/1.0/common" xmlns="http://schemas.nav.gov.hu/OSA/3.0/api">
	<common:header>
		<common:requestId>RID802364680498</common:requestId>
		<common:timestamp>2020-02-05T09:10:48.488Z</common:timestamp>
		<common:requestVersion>3.0</common:requestVersion>
		<common:headerVersion>1.0</common:headerVersion>
	</common:header>
	<common:user>
		<common:login>lwilsmn0uqdxe6u</common:login>
		<common:passwordHash cryptoType="SHA-512">2F43840A882CFDB7DB0FEC07D419D030D864B47B6B541DC280EF81B937B7A176E33C052B0D26638CC18A7A2C08D8D311733078A774BF43F6CA57FE8CD74DC28E</common:passwordHash>
		<common:taxNumber>11111111</common:taxNumber>
		<common:requestSignature cryptoType="SHA3-512">27DF128E7E4D863E0B98F9A991219D0105DFBF7E8E7FFE3CC5182AAE3E04A3035BAEFAFC94CF25D011CAEAEECEC39C90F088DC5111F0197B7476FA0E2AF74070</common:requestSignature>
		<!--<signKey>ac-ac3a-7f661bff7d342N43CYX4U9FG</signKey>-->
	</common:user>
	<software>
		<softwareId>123456789123456789</softwareId>
		<softwareName>string</softwareName>
		<softwareOperation>LOCAL_SOFTWARE</softwareOperation>
		<softwareMainVersion>string</softwareMainVersion>
		<softwareDevName>string</softwareDevName>
		<softwareDevContact>string</softwareDevContact>
		<softwareDevCountryCode>HU</softwareDevCountryCode>
		<softwareDevTaxNumber>string</softwareDevTaxNumber>
	</software>
	<page>1</page>
		<invoiceChainQuery>
			<invoiceNumber>2019/1234</invoiceNumber>
			<invoiceDirection>OUTBOUND</invoiceDirection>
			<taxNumber>22222222</taxNumber>
		</invoiceChainQuery>
</QueryInvoiceChainDigestRequest>