<?xml version="1.0" encoding="UTF-8"?>
<QueryTransactionStatusRequest xmlns:common="http://schemas.nav.gov.hu/NTCA/1.0/common" xmlns="http://schemas.nav.gov.hu/OSA/3.0/api">
	<common:header>
		<common:requestId>RID603063244730</common:requestId>
		<common:timestamp>2019-09-11T10:55:34.063Z</common:timestamp>
		<common:requestVersion>3.0</common:requestVersion>
		<common:headerVersion>1.0</common:headerVersion>
	</common:header>
	<common:user>
		<common:login>lwilsmn0uqdxe6u</common:login>
		<common:passwordHash cryptoType="SHA-512">2F43840A882CFDB7DB0FEC07D419D030D864B47B6B541DC280EF81B937B7A176E33C052B0D26638CC18A7A2C08D8D311733078A774BF43F6CA57FE8CD74DC28E</common:passwordHash>
		<common:taxNumber>11111111</common:taxNumber>
		<common:requestSignature cryptoType="SHA3-512">3461426EDF923610281B5B24562F2EBA44A3118FEB7CCDD299B7ACAA6E7A5EA889B1965F1E3372F7F34064AC16C867958704089C9354F150248754D45C9A36F5</common:requestSignature>
		<!--<signKey>ac-ac3a-7f661bff7d342N43CYX4U9FG</signKey>-->
	</common:user>
	<software>
		<softwareId>123456789123456789</softwareId>
		<softwareName>string</softwareName>
		<softwareOperation>LOCAL_SOFTWARE</softwareOperation>
		<softwareMainVersion>string</softwareMainVersion>
		<softwareDevName>string</softwareDevName>
		<softwareDevContact>string</softwareDevContact>
		<softwareDevCountryCode>HU</softwareDevCountryCode>
		<softwareDevTaxNumber>string</softwareDevTaxNumber>
	</software>
	<transactionId>string</transactionId>
	<returnOriginalRequest>false</returnOriginalRequest>
</QueryTransactionStatusRequest>