<?xml version="1.0" encoding="UTF-8"?>
<TokenExchangeRequest xmlns:common="http://schemas.nav.gov.hu/NTCA/1.0/common" xmlns="http://schemas.nav.gov.hu/OSA/3.0/api">
	<common:header>
		<common:requestId>RID896801578348</common:requestId>
		<common:timestamp>2019-09-11T10:55:31.440Z</common:timestamp>
		<common:requestVersion>3.0</common:requestVersion>
		<common:headerVersion>1.0</common:headerVersion>
	</common:header>
	<common:user>
		<common:login>lwilsmn0uqdxe6u</common:login>
		<common:passwordHash cryptoType="SHA-512">2F43840A882CFDB7DB0FEC07D419D030D864B47B6B541DC280EF81B937B7A176E33C052B0D26638CC18A7A2C08D8D311733078A774BF43F6CA57FE8CD74DC28E</common:passwordHash>
		<common:taxNumber>11111111</common:taxNumber>
		<common:requestSignature cryptoType="SHA3-512">B4B5E0F197BFFD3DF69BCC98D3BE775F65FD5445EEF95C9D6B6C59425F2B81C4F6DA1FD563B0C7E7D98AF1E1725E5C63C2803B5D3A93D1C02ED354AC92F2CC94</common:requestSignature>
		<!--<signKey>ac-ac3a-7f661bff7d342N43CYX4U9FG</signKey>-->
	</common:user>
	<software>
		<softwareId>123456789123456789</softwareId>
		<softwareName>string</softwareName>
		<softwareOperation>LOCAL_SOFTWARE</softwareOperation>
		<softwareMainVersion>string</softwareMainVersion>
		<softwareDevName>string</softwareDevName>
		<softwareDevContact>string</softwareDevContact>
		<softwareDevCountryCode>HU</softwareDevCountryCode>
		<softwareDevTaxNumber>string</softwareDevTaxNumber>
	</software>
</TokenExchangeRequest>